extract_name,extract_column,folder,business_logic
NationalTV,AdDate,\\department\Nielsen Extracts\AdIntel\{Year}\Occurrences\NationalTV.tsv,NA
NationalTV,AdTime,\\department\Nielsen Extracts\AdIntel\{Year}\Occurrences\NationalTV.tsv,NA
NationalTV,MarketCode,\\department\Nielsen Extracts\AdIntel\{Year}\Occurrences\NationalTV.tsv,NA
NationalTV,MediaTypeID,\\department\Nielsen Extracts\AdIntel\{Year}\Occurrences\NationalTV.tsv,NA
NationalTV,PrimBrandCode,\\department\Nielsen Extracts\AdIntel\{Year}\Occurrences\NationalTV.tsv,NA
NationalTV,ScndBrandCode,\\department\Nielsen Extracts\AdIntel\{Year}\Occurrences\NationalTV.tsv,NA
NationalTV,TerBrandCode,\\department\Nielsen Extracts\AdIntel\{Year}\Occurrences\NationalTV.tsv,NA
NationalTV,DistributorCode,\\department\Nielsen Extracts\AdIntel\{Year}\Occurrences\NationalTV.tsv,NA
NationalTV,Units,\\department\Nielsen Extracts\AdIntel\{Year}\Occurrences\NationalTV.tsv,NA
NationalTV,Spend,\\department\Nielsen Extracts\AdIntel\{Year}\Occurrences\NationalTV.tsv,NA
NationalTV,TVDaypartCode,\\department\Nielsen Extracts\AdIntel\{Year}\Occurrences\NationalTV.tsv,NA
NationalTV,Duration,\\department\Nielsen Extracts\AdIntel\{Year}\Occurrences\NationalTV.tsv,NA
NationalTV,AdCode,\\department\Nielsen Extracts\AdIntel\{Year}\Occurrences\NationalTV.tsv,NA
NationalTV,CreativeID,\\department\Nielsen Extracts\AdIntel\{Year}\Occurrences\NationalTV.tsv,NA
NationalTV,Pod14,\\department\Nielsen Extracts\AdIntel\{Year}\Occurrences\NationalTV.tsv,NA
NationalTV,Pod30,\\department\Nielsen Extracts\AdIntel\{Year}\Occurrences\NationalTV.tsv,NA
NationalTV,Pod120,\\department\Nielsen Extracts\AdIntel\{Year}\Occurrences\NationalTV.tsv,NA
NationalTV,PodPosition14,\\department\Nielsen Extracts\AdIntel\{Year}\Occurrences\NationalTV.tsv,NA
NationalTV,PodPosition30,\\department\Nielsen Extracts\AdIntel\{Year}\Occurrences\NationalTV.tsv,NA
NationalTV,PodPosition120,\\department\Nielsen Extracts\AdIntel\{Year}\Occurrences\NationalTV.tsv,NA
NationalTV,Impression Type,\\department\Nielsen Extracts\AdIntel\{Year}\Occurrences\NationalTV.tsv,NA
NationalTV,Market Break Type,\\department\Nielsen Extracts\AdIntel\{Year}\Occurrences\NationalTV.tsv,NA
NationalTV,NielsenProgramCode,\\department\Nielsen Extracts\AdIntel\{Year}\Occurrences\NationalTV.tsv,NA
NationalTV,TelecastNumber,\\department\Nielsen Extracts\AdIntel\{Year}\Occurrences\NationalTV.tsv,NA
NationalTV,TimeIntervalNumber,\\department\Nielsen Extracts\AdIntel\{Year}\Occurrences\NationalTV.tsv,NA
NationalTV,GrpPercentage,\\department\Nielsen Extracts\AdIntel\{Year}\Occurrences\NationalTV.tsv,NA
NationalTV,MonitorPlusProgramCode,\\department\Nielsen Extracts\AdIntel\{Year}\Occurrences\NationalTV.tsv,NA
NationalTV,DistributorID,\\department\Nielsen Extracts\AdIntel\{Year}\Occurrences\NationalTV.tsv,NA
NationalTV,DayOfWeek,\\department\Nielsen Extracts\AdIntel\{Year}\Occurrences\NationalTV.tsv,NA
NationalTV,UC_dim_Bridge_occ_ImpNationalTV_key,\\department\Nielsen Extracts\AdIntel\{Year}\Occurrences\NationalTV.tsv,NA
SpotTV,AdDate,\\department\Nielsen Extracts\AdIntel\{Year}\Occurrences\SpotTV.tsv,NA
SpotTV,AdTime,\\department\Nielsen Extracts\AdIntel\{Year}\Occurrences\SpotTV.tsv,NA
SpotTV,MarketCode,\\department\Nielsen Extracts\AdIntel\{Year}\Occurrences\SpotTV.tsv,NA
SpotTV,MediaTypeID,\\department\Nielsen Extracts\AdIntel\{Year}\Occurrences\SpotTV.tsv,NA
SpotTV,PrimBrandCode,\\department\Nielsen Extracts\AdIntel\{Year}\Occurrences\SpotTV.tsv,NA
SpotTV,ScndBrandCode,\\department\Nielsen Extracts\AdIntel\{Year}\Occurrences\SpotTV.tsv,NA
SpotTV,TerBrandCode,\\department\Nielsen Extracts\AdIntel\{Year}\Occurrences\SpotTV.tsv,NA
SpotTV,DistributorCode,\\department\Nielsen Extracts\AdIntel\{Year}\Occurrences\SpotTV.tsv,NA
SpotTV,Units,\\department\Nielsen Extracts\AdIntel\{Year}\Occurrences\SpotTV.tsv,NA
SpotTV,TVDaypartCode,\\department\Nielsen Extracts\AdIntel\{Year}\Occurrences\SpotTV.tsv,NA
SpotTV,Duration,\\department\Nielsen Extracts\AdIntel\{Year}\Occurrences\SpotTV.tsv,NA
SpotTV,AdCode,\\department\Nielsen Extracts\AdIntel\{Year}\Occurrences\SpotTV.tsv,NA
SpotTV,CreativeID,\\department\Nielsen Extracts\AdIntel\{Year}\Occurrences\SpotTV.tsv,NA
SpotTV,Pod,\\department\Nielsen Extracts\AdIntel\{Year}\Occurrences\SpotTV.tsv,NA
SpotTV,PodPosition,\\department\Nielsen Extracts\AdIntel\{Year}\Occurrences\SpotTV.tsv,NA
SpotTV,PeriodYearMonth,\\department\Nielsen Extracts\AdIntel\{Year}\Occurrences\SpotTV.tsv,NA
SpotTV,DistributorID,\\department\Nielsen Extracts\AdIntel\{Year}\Occurrences\SpotTV.tsv,NA
SpotTV,DayOfWeek,\\department\Nielsen Extracts\AdIntel\{Year}\Occurrences\SpotTV.tsv,NA
SpotTV,TimeIntervalNumber,\\department\Nielsen Extracts\AdIntel\{Year}\Occurrences\SpotTV.tsv,NA
SpotTV,Monitor Plus Program Code,\\department\Nielsen Extracts\AdIntel\{Year}\Occurrences\SpotTV.tsv,NA
SpotTV,Spend,\\department\Nielsen Extracts\AdIntel\{Year}\Occurrences\SpotTV.tsv,NA
SpotTV,RegionalIndicator,\\department\Nielsen Extracts\AdIntel\{Year}\Occurrences\SpotTV.tsv,NA
SpotTV,UC_dim_Bridge_occ_ImpSpotTV_key,\\department\Nielsen Extracts\AdIntel\{Year}\Occurrences\SpotTV.tsv,NA
FSICoupon,AdDate,\\department\Nielsen Extracts\AdIntel\{Year}\Occurrences\FSICoupon.tsv,NA
FSICoupon,MarketCode,\\department\Nielsen Extracts\AdIntel\{Year}\Occurrences\FSICoupon.tsv,NA
FSICoupon,MediaTypeID,\\department\Nielsen Extracts\AdIntel\{Year}\Occurrences\FSICoupon.tsv,NA
FSICoupon,PrimBrandCode,\\department\Nielsen Extracts\AdIntel\{Year}\Occurrences\FSICoupon.tsv,NA
FSICoupon,ScndBrandCode,\\department\Nielsen Extracts\AdIntel\{Year}\Occurrences\FSICoupon.tsv,NA
FSICoupon,TerBrandCode,\\department\Nielsen Extracts\AdIntel\{Year}\Occurrences\FSICoupon.tsv,NA
FSICoupon,DistributorCode,\\department\Nielsen Extracts\AdIntel\{Year}\Occurrences\FSICoupon.tsv,NA
FSICoupon,AdCode,\\department\Nielsen Extracts\AdIntel\{Year}\Occurrences\FSICoupon.tsv,NA
FSICoupon,Units,\\department\Nielsen Extracts\AdIntel\{Year}\Occurrences\FSICoupon.tsv,NA
FSICoupon,Spend,\\department\Nielsen Extracts\AdIntel\{Year}\Occurrences\FSICoupon.tsv,NA
FSICoupon,SourceCode,\\department\Nielsen Extracts\AdIntel\{Year}\Occurrences\FSICoupon.tsv,NA
FSICoupon,OffValue,\\department\Nielsen Extracts\AdIntel\{Year}\Occurrences\FSICoupon.tsv,NA
FSICoupon,OffType,\\department\Nielsen Extracts\AdIntel\{Year}\Occurrences\FSICoupon.tsv,NA
FSICoupon,CouponID,\\department\Nielsen Extracts\AdIntel\{Year}\Occurrences\FSICoupon.tsv,NA
Newspaper,AdDate,\\department\Nielsen Extracts\AdIntel\{Year}\Occurrences\Newspaper.tsv,NA
Newspaper,MarketCode,\\department\Nielsen Extracts\AdIntel\{Year}\Occurrences\Newspaper.tsv,NA
Newspaper,MediaTypeID,\\department\Nielsen Extracts\AdIntel\{Year}\Occurrences\Newspaper.tsv,NA
Newspaper,PrimBrandCode,\\department\Nielsen Extracts\AdIntel\{Year}\Occurrences\Newspaper.tsv,NA
Newspaper,ScndBrandCode,\\department\Nielsen Extracts\AdIntel\{Year}\Occurrences\Newspaper.tsv,NA
Newspaper,TerBrandCode,\\department\Nielsen Extracts\AdIntel\{Year}\Occurrences\Newspaper.tsv,NA
Newspaper,DistributorCode,\\department\Nielsen Extracts\AdIntel\{Year}\Occurrences\Newspaper.tsv,NA
Newspaper,Units,\\department\Nielsen Extracts\AdIntel\{Year}\Occurrences\Newspaper.tsv,NA
Newspaper,Spend,\\department\Nielsen Extracts\AdIntel\{Year}\Occurrences\Newspaper.tsv,NA
Newspaper,AdCode,\\department\Nielsen Extracts\AdIntel\{Year}\Occurrences\Newspaper.tsv,NA
Newspaper,NewspAdSize,\\department\Nielsen Extracts\AdIntel\{Year}\Occurrences\Newspaper.tsv,NA
Newspaper,NewspEventCode,\\department\Nielsen Extracts\AdIntel\{Year}\Occurrences\Newspaper.tsv,NA
Newspaper,NewspSecCode,\\department\Nielsen Extracts\AdIntel\{Year}\Occurrences\Newspaper.tsv,NA
Internet,AdDate,\\department\Nielsen Extracts\AdIntel\{Year}\Occurrences\Internet.tsv,NA
Internet,MarketCode,\\department\Nielsen Extracts\AdIntel\{Year}\Occurrences\Internet.tsv,NA
Internet,MediaTypeID,\\department\Nielsen Extracts\AdIntel\{Year}\Occurrences\Internet.tsv,NA
Internet,PrimBrandCode,\\department\Nielsen Extracts\AdIntel\{Year}\Occurrences\Internet.tsv,NA
Internet,ScndBrandCode,\\department\Nielsen Extracts\AdIntel\{Year}\Occurrences\Internet.tsv,NA
Internet,TerBrandCode,\\department\Nielsen Extracts\AdIntel\{Year}\Occurrences\Internet.tsv,NA
Internet,DistributorCode,\\department\Nielsen Extracts\AdIntel\{Year}\Occurrences\Internet.tsv,NA
Internet,AdCode,\\department\Nielsen Extracts\AdIntel\{Year}\Occurrences\Internet.tsv,NA
Internet,Spend,\\department\Nielsen Extracts\AdIntel\{Year}\Occurrences\Internet.tsv,NA
Internet,Imp2Plus,\\department\Nielsen Extracts\AdIntel\{Year}\Occurrences\Internet.tsv,NA
Cinema,AdDate,\\department\Nielsen Extracts\AdIntel\{Year}\Occurrences\Cinema.tsv,NA
Cinema,MarketCode,\\department\Nielsen Extracts\AdIntel\{Year}\Occurrences\Cinema.tsv,NA
Cinema,MediaTypeID,\\department\Nielsen Extracts\AdIntel\{Year}\Occurrences\Cinema.tsv,NA
Cinema,PrimBrandCode,\\department\Nielsen Extracts\AdIntel\{Year}\Occurrences\Cinema.tsv,NA
Cinema,ScndBrandCode,\\department\Nielsen Extracts\AdIntel\{Year}\Occurrences\Cinema.tsv,NA
Cinema,TerBrandCode,\\department\Nielsen Extracts\AdIntel\{Year}\Occurrences\Cinema.tsv,NA
Cinema,AdCode,\\department\Nielsen Extracts\AdIntel\{Year}\Occurrences\Cinema.tsv,NA
Cinema,Spend,\\department\Nielsen Extracts\AdIntel\{Year}\Occurrences\Cinema.tsv,NA
Cinema,Duration,\\department\Nielsen Extracts\AdIntel\{Year}\Occurrences\Cinema.tsv,NA
Cinema,Geography,\\department\Nielsen Extracts\AdIntel\{Year}\Occurrences\Cinema.tsv,NA
Cinema,AdTypeId,\\department\Nielsen Extracts\AdIntel\{Year}\Occurrences\Cinema.tsv,NA
Cinema,MpaaRatingId,\\department\Nielsen Extracts\AdIntel\{Year}\Occurrences\Cinema.tsv,NA
Cinema,Imp2Plus,\\department\Nielsen Extracts\AdIntel\{Year}\Occurrences\Cinema.tsv,NA
Cinema,CreativeDesc,\\department\Nielsen Extracts\AdIntel\{Year}\Occurrences\Cinema.tsv,NA
Radio,AdDate,\\department\Nielsen Extracts\AdIntel\{Year}\Occurrences\Radio.tsv,NA
Radio,MarketCode,\\department\Nielsen Extracts\AdIntel\{Year}\Occurrences\Radio.tsv,NA
Radio,MediaTypeID,\\department\Nielsen Extracts\AdIntel\{Year}\Occurrences\Radio.tsv,NA
Radio,PrimBrandCode,\\department\Nielsen Extracts\AdIntel\{Year}\Occurrences\Radio.tsv,NA
Radio,ScndBrandCode,\\department\Nielsen Extracts\AdIntel\{Year}\Occurrences\Radio.tsv,NA
Radio,TerBrandCode,\\department\Nielsen Extracts\AdIntel\{Year}\Occurrences\Radio.tsv,NA
Radio,DistributorCode,\\department\Nielsen Extracts\AdIntel\{Year}\Occurrences\Radio.tsv,NA
Radio,AdCode,\\department\Nielsen Extracts\AdIntel\{Year}\Occurrences\Radio.tsv,NA
Radio,Spend,\\department\Nielsen Extracts\AdIntel\{Year}\Occurrences\Radio.tsv,NA
Radio,RadioDaypartID,\\department\Nielsen Extracts\AdIntel\{Year}\Occurrences\Radio.tsv,NA
Radio,Units,\\department\Nielsen Extracts\AdIntel\{Year}\Occurrences\Radio.tsv,NA
Radio,DistributorID,\\department\Nielsen Extracts\AdIntel\{Year}\Occurrences\Radio.tsv,NA
Radio,AdTime,\\department\Nielsen Extracts\AdIntel\{Year}\Occurrences\Radio.tsv,NA
Radio,UC_dim_Bridge_occ_ImpSpotRadio_key,\\department\Nielsen Extracts\AdIntel\{Year}\Occurrences\Radio.tsv,NA
Outdoor,AdDate,\\department\Nielsen Extracts\AdIntel\{Year}\Occurrences\Outdoor.tsv,NA
Outdoor,MarketCode,\\department\Nielsen Extracts\AdIntel\{Year}\Occurrences\Outdoor.tsv,NA
Outdoor,MediaTypeID,\\department\Nielsen Extracts\AdIntel\{Year}\Occurrences\Outdoor.tsv,NA
Outdoor,PrimBrandCode,\\department\Nielsen Extracts\AdIntel\{Year}\Occurrences\Outdoor.tsv,NA
Outdoor,ScndBrandCode,\\department\Nielsen Extracts\AdIntel\{Year}\Occurrences\Outdoor.tsv,NA
Outdoor,TerBrandCode,\\department\Nielsen Extracts\AdIntel\{Year}\Occurrences\Outdoor.tsv,NA
Outdoor,DistributorCode,\\department\Nielsen Extracts\AdIntel\{Year}\Occurrences\Outdoor.tsv,NA
Outdoor,AdCode,\\department\Nielsen Extracts\AdIntel\{Year}\Occurrences\Outdoor.tsv,NA
Outdoor,Spend,\\department\Nielsen Extracts\AdIntel\{Year}\Occurrences\Outdoor.tsv,NA
Outdoor,AdTypeId,\\department\Nielsen Extracts\AdIntel\{Year}\Occurrences\Outdoor.tsv,NA
Magazine,AdDate,\\department\Nielsen Extracts\AdIntel\{Year}\Occurrences\Magazine.tsv,NA
Magazine,MarketCode,\\department\Nielsen Extracts\AdIntel\{Year}\Occurrences\Magazine.tsv,NA
Magazine,MediaTypeID,\\department\Nielsen Extracts\AdIntel\{Year}\Occurrences\Magazine.tsv,NA
Magazine,PrimBrandCode,\\department\Nielsen Extracts\AdIntel\{Year}\Occurrences\Magazine.tsv,NA
Magazine,ScndBrandCode,\\department\Nielsen Extracts\AdIntel\{Year}\Occurrences\Magazine.tsv,NA
Magazine,TerBrandCode,\\department\Nielsen Extracts\AdIntel\{Year}\Occurrences\Magazine.tsv,NA
Magazine,DistributorCode,\\department\Nielsen Extracts\AdIntel\{Year}\Occurrences\Magazine.tsv,NA
Magazine,Units,\\department\Nielsen Extracts\AdIntel\{Year}\Occurrences\Magazine.tsv,NA
Magazine,Spend,\\department\Nielsen Extracts\AdIntel\{Year}\Occurrences\Magazine.tsv,NA
Magazine,MagAdColor,\\department\Nielsen Extracts\AdIntel\{Year}\Occurrences\Magazine.tsv,NA
Magazine,MagAdType,\\department\Nielsen Extracts\AdIntel\{Year}\Occurrences\Magazine.tsv,NA
Magazine,MagAdSize,\\department\Nielsen Extracts\AdIntel\{Year}\Occurrences\Magazine.tsv,NA
Magazine,MagPageNumber,\\department\Nielsen Extracts\AdIntel\{Year}\Occurrences\Magazine.tsv,NA
Magazine,MagPosCode,\\department\Nielsen Extracts\AdIntel\{Year}\Occurrences\Magazine.tsv,NA
Magazine,AdCode,\\department\Nielsen Extracts\AdIntel\{Year}\Occurrences\Magazine.tsv,NA
Magazine,Bleed,\\department\Nielsen Extracts\AdIntel\{Year}\Occurrences\Magazine.tsv,NA
Magazine,SectionCode,\\department\Nielsen Extracts\AdIntel\{Year}\Occurrences\Magazine.tsv,NA
Magazine,PageCount,\\department\Nielsen Extracts\AdIntel\{Year}\Occurrences\Magazine.tsv,NA
Magazine,PeriodYearMonth,\\department\Nielsen Extracts\AdIntel\{Year}\Occurrences\Magazine.tsv,NA
Magazine,DistributorID,\\department\Nielsen Extracts\AdIntel\{Year}\Occurrences\Magazine.tsv,NA
Magazine,Slogan,\\department\Nielsen Extracts\AdIntel\{Year}\Occurrences\Magazine.tsv,NA
Magazine,CreativeFileName,\\department\Nielsen Extracts\AdIntel\{Year}\Occurrences\Magazine.tsv,NA
Magazine,AdNumber,\\department\Nielsen Extracts\AdIntel\{Year}\Occurrences\Magazine.tsv,NA
Digital,AdDate,\\department\Nielsen Extracts\AdIntel\{Year}\Occurrences\Digital.tsv,NA
Digital,MarketCode,\\department\Nielsen Extracts\AdIntel\{Year}\Occurrences\Digital.tsv,NA
Digital,MediaTypeID,\\department\Nielsen Extracts\AdIntel\{Year}\Occurrences\Digital.tsv,NA
Digital,PrimBrandCode,\\department\Nielsen Extracts\AdIntel\{Year}\Occurrences\Digital.tsv,NA
Digital,ScndBrandCode,\\department\Nielsen Extracts\AdIntel\{Year}\Occurrences\Digital.tsv,NA
Digital,TerBrandCode,\\department\Nielsen Extracts\AdIntel\{Year}\Occurrences\Digital.tsv,NA
Digital,DistributorCode,\\department\Nielsen Extracts\AdIntel\{Year}\Occurrences\Digital.tsv,NA
Digital,CreativeId,\\department\Nielsen Extracts\AdIntel\{Year}\Occurrences\Digital.tsv,NA
Digital,AdCode,\\department\Nielsen Extracts\AdIntel\{Year}\Occurrences\Digital.tsv,NA
Digital,AdService,\\department\Nielsen Extracts\AdIntel\{Year}\Occurrences\Digital.tsv,NA
Digital,AdServiceType,\\department\Nielsen Extracts\AdIntel\{Year}\Occurrences\Digital.tsv,NA
Digital,Spend,\\department\Nielsen Extracts\AdIntel\{Year}\Occurrences\Digital.tsv,NA
Digital,Imp2Plus,\\department\Nielsen Extracts\AdIntel\{Year}\Occurrences\Digital.tsv,NA
Digital,AdPlatformId,\\department\Nielsen Extracts\AdIntel\{Year}\Occurrences\Digital.tsv,NA
Digital,AdTypeId,\\department\Nielsen Extracts\AdIntel\{Year}\Occurrences\Digital.tsv,NA
Digital,AdTechnologyId,\\department\Nielsen Extracts\AdIntel\{Year}\Occurrences\Digital.tsv,NA
Digital,BuyTypeId,\\department\Nielsen Extracts\AdIntel\{Year}\Occurrences\Digital.tsv,NA
Digital,ProxyId,\\department\Nielsen Extracts\AdIntel\{Year}\Occurrences\Digital.tsv,NA
Digital,OccurrenceType,\\department\Nielsen Extracts\AdIntel\{Year}\Occurrences\Digital.tsv,NA
Digital,AdVisibility,\\department\Nielsen Extracts\AdIntel\{Year}\Occurrences\Digital.tsv,NA
"Advertiser
(Dynamic Reference)",AdvParentCode,\\department\Nielsen Extracts\AdIntel\{Year}\References\Advertiser.tsv,NA
"Advertiser
(Dynamic Reference)",AdvParentDesc,\\department\Nielsen Extracts\AdIntel\{Year}\References\Advertiser.tsv,NA
"Advertiser
(Dynamic Reference)",AdvSubsidCode,\\department\Nielsen Extracts\AdIntel\{Year}\References\Advertiser.tsv,NA
"Advertiser
(Dynamic Reference)",AdvSubsidDesc,\\department\Nielsen Extracts\AdIntel\{Year}\References\Advertiser.tsv,NA
"Brand
(Dynamic Reference)",BrandCode,\\department\Nielsen Extracts\AdIntel\{Year}\References\Brand.tsv,NA
"Brand
(Dynamic Reference)",BrandDesc,\\department\Nielsen Extracts\AdIntel\{Year}\References\Brand.tsv,NA
"Brand
(Dynamic Reference)",BrandVariant,\\department\Nielsen Extracts\AdIntel\{Year}\References\Brand.tsv,NA
"Brand
(Dynamic Reference)",AdvParentCode,\\department\Nielsen Extracts\AdIntel\{Year}\References\Brand.tsv,NA
"Brand
(Dynamic Reference)",AdvSubsidCode,\\department\Nielsen Extracts\AdIntel\{Year}\References\Brand.tsv,NA
"Brand
(Dynamic Reference)",PCCSubCode,\\department\Nielsen Extracts\AdIntel\{Year}\References\Brand.tsv,NA
"Brand
(Dynamic Reference)",ProductID,\\department\Nielsen Extracts\AdIntel\{Year}\References\Brand.tsv,NA
"CreativeDescription
(Dynamic Reference)",CreativeID,\\department\Nielsen Extracts\AdIntel\{Year}\References\CreativeDescription.tsv,NA
"CreativeDescription
(Dynamic Reference)",CreativeDesc,\\department\Nielsen Extracts\AdIntel\{Year}\References\CreativeDescription.tsv,NA
"CinemaAdType
(Dynamic Reference)",AdTypeId,\\department\Nielsen Extracts\AdIntel\{Year}\References\CinemaAdType.tsv,NA
"CinemaAdType
(Dynamic Reference)",AdTypeDesc,\\department\Nielsen Extracts\AdIntel\{Year}\References\CinemaAdType.tsv,NA
CinemaMPAARating,MpaaRatingId,\\department\Nielsen_Extracts\AdIntel\Master_Files\Latest\CinemaMPAARating.tsv,NA
CinemaMPAARating,MpaaRatingDesc,\\department\Nielsen_Extracts\AdIntel\Master_Files\Latest\CinemaMPAARating.tsv,NA
"Distributor
(Dynamic Reference)",DistributorCode,\\department\Nielsen Extracts\AdIntel\{Year}\References\Distributor.tsv,NA
"Distributor
(Dynamic Reference)",MediaTypeId,\\department\Nielsen Extracts\AdIntel\{Year}\References\Distributor.tsv,NA
"Distributor
(Dynamic Reference)",MarketCode,\\department\Nielsen Extracts\AdIntel\{Year}\References\Distributor.tsv,NA
"Distributor
(Dynamic Reference)",DistribDesc,\\department\Nielsen Extracts\AdIntel\{Year}\References\Distributor.tsv,NA
"Distributor
(Dynamic Reference)",PublisherID,\\department\Nielsen Extracts\AdIntel\{Year}\References\Distributor.tsv,NA
"Distributor
(Dynamic Reference)",Language,\\department\Nielsen Extracts\AdIntel\{Year}\References\Distributor.tsv,NA
"Distributor
(Dynamic Reference)",Abbreviation,\\department\Nielsen Extracts\AdIntel\{Year}\References\Distributor.tsv,NA
"Distributor
(Dynamic Reference)",Affiliation,\\department\Nielsen Extracts\AdIntel\{Year}\References\Distributor.tsv,NA
"Distributor
(Dynamic Reference)",GenreID,\\department\Nielsen Extracts\AdIntel\{Year}\References\Distributor.tsv,NA
"MagazineGenre
(Dynamic Reference)",MagGenreID,\\department\Nielsen Extracts\AdIntel\{Year}\References\MagazineGenre.tsv,NA
"MagazineGenre
(Dynamic Reference)",GenreDesc,\\department\Nielsen Extracts\AdIntel\{Year}\References\MagazineGenre.tsv,NA
Market,MarketCode,\\department\Nielsen_Extracts\AdIntel\Master_Files\Latest\Market.tsv,NA
Market,MarketName,\\department\Nielsen_Extracts\AdIntel\Master_Files\Latest\Market.tsv,NA
Market Breaks,MarketBreaksCode,\\department\Nielsen_Extracts\AdIntel\Master_Files\Latest\Market Breaks.tsv,NA
Market Breaks,MarketBreaksDesc,\\department\Nielsen_Extracts\AdIntel\Master_Files\Latest\Market Breaks.tsv,NA
MediaType,MediaTypeID,\\department\Nielsen_Extracts\AdIntel\Master_Files\Latest\MediaType.tsv,NA
MediaType,MediaTypeDesc,\\department\Nielsen_Extracts\AdIntel\Master_Files\Latest\MediaType.tsv,NA
Newspaper Event,NewspEventCode,\\department\Nielsen_Extracts\AdIntel\Master_Files\Latest\Newspaper Event.tsv,NA
Newspaper Event,NewspEventDesc,\\department\Nielsen_Extracts\AdIntel\Master_Files\Latest\Newspaper Event.tsv,NA
Newspaper Section,NewspSecCode,\\department\Nielsen_Extracts\AdIntel\Master_Files\Latest\Newspaper Section.tsv,NA
Newspaper Section,NewspSecDesc,\\department\Nielsen_Extracts\AdIntel\Master_Files\Latest\Newspaper Section.tsv,NA
"OutdoorAdType
(Dynamic Reference)",AdTypeId,\\department\Nielsen Extracts\AdIntel\{Year}\References\OutdoorAdType.tsv,NA
"OutdoorAdType
(Dynamic Reference)",AdTypeDesc,\\department\Nielsen Extracts\AdIntel\{Year}\References\OutdoorAdType.tsv,NA
"ProductCategories
(Dynamic Reference)",PCCSubCode,\\department\Nielsen Extracts\AdIntel\{Year}\References\ProductCategories.tsv,NA
"ProductCategories
(Dynamic Reference)",PCCSubDesc,\\department\Nielsen Extracts\AdIntel\{Year}\References\ProductCategories.tsv,NA
"ProductCategories
(Dynamic Reference)",PCCMajCode,\\department\Nielsen Extracts\AdIntel\{Year}\References\ProductCategories.tsv,NA
"ProductCategories
(Dynamic Reference)",PCCMajDesc,\\department\Nielsen Extracts\AdIntel\{Year}\References\ProductCategories.tsv,NA
"ProductCategories
(Dynamic Reference)",PCCIndusCode,\\department\Nielsen Extracts\AdIntel\{Year}\References\ProductCategories.tsv,NA
"ProductCategories
(Dynamic Reference)",PCCIndusDesc,\\department\Nielsen Extracts\AdIntel\{Year}\References\ProductCategories.tsv,NA
"ProductCategories
(Dynamic Reference)",ProductID,\\department\Nielsen Extracts\AdIntel\{Year}\References\ProductCategories.tsv,NA
"ProductCategories
(Dynamic Reference)",ProductDesc,\\department\Nielsen Extracts\AdIntel\{Year}\References\ProductCategories.tsv,NA
"Publisher
(Dynamic Reference)",PublisherID,\\department\Nielsen Extracts\AdIntel\{Year}\References\Publisher.tsv,NA
"Publisher
(Dynamic Reference)",PublisherDesc,\\department\Nielsen Extracts\AdIntel\{Year}\References\Publisher.tsv,NA
TV Daypart,TVDaypartCode,\\department\Nielsen_Extracts\AdIntel\Master_Files\Latest\TV Daypart.tsv,NA
TV Daypart,TVDaypartDesc,\\department\Nielsen_Extracts\AdIntel\Master_Files\Latest\TV Daypart.tsv,NA
"TV Program
(Dynamic Reference)",NielsenProgramCode,\\department\Nielsen Extracts\AdIntel\{Year}\References\TV Program.tsv,NA
"TV Program
(Dynamic Reference)",MonitorPlusProgramCode,\\department\Nielsen Extracts\AdIntel\{Year}\References\TV Program.tsv,NA
"TV Program
(Dynamic Reference)",TVProgTitle,\\department\Nielsen Extracts\AdIntel\{Year}\References\TV Program.tsv,NA
"TV Program
(Dynamic Reference)",TVProgTypeCode,\\department\Nielsen Extracts\AdIntel\{Year}\References\TV Program.tsv,NA
"TV Program
(Dynamic Reference)",TVProgEventCode,\\department\Nielsen Extracts\AdIntel\{Year}\References\TV Program.tsv,NA
"TV Program
(Dynamic Reference)",TVProgSubCode,\\department\Nielsen Extracts\AdIntel\{Year}\References\TV Program.tsv,NA
TV ProgramType,TVProgTypeCode,\\department\Nielsen_Extracts\AdIntel\Master_Files\Latest\TV ProgramType.tsv,NA
TV ProgramType,TVProgTypeDesc,\\department\Nielsen_Extracts\AdIntel\Master_Files\Latest\TV ProgramType.tsv,NA
TV ProgramEvent,TVProgEventCode,\\department\Nielsen_Extracts\AdIntel\Master_Files\Latest\TV ProgramEvent.tsv,NA
TV ProgramEvent,TVProgEventDesc,\\department\Nielsen_Extracts\AdIntel\Master_Files\Latest\TV ProgramEvent.tsv,NA
TV ProgramSubType,TVProgSubCode,\\department\Nielsen_Extracts\AdIntel\Master_Files\Latest\TV ProgramSubType.tsv,NA
TV ProgramSubType,TVProgSubDesc,\\department\Nielsen_Extracts\AdIntel\Master_Files\Latest\TV ProgramSubType.tsv,NA
Digital Ad Platform,AdPlatformId,\\department\Nielsen_Extracts\AdIntel\Master_Files\Latest\DigitalAdPlatform.tsv,NA
Digital Ad Platform,AdPlatform,\\department\Nielsen_Extracts\AdIntel\Master_Files\Latest\DigitalAdPlatform.tsv,NA
Digital Ad Technology,AdTechnologyID,\\department\Nielsen_Extracts\AdIntel\Master_Files\Latest\DigitalAdTechnology.tsv,NA
Digital Ad Technology,AdTechnology,\\department\Nielsen_Extracts\AdIntel\Master_Files\Latest\DigitalAdTechnology.tsv,NA
Digital Ad Type,AdTypeID,\\department\Nielsen_Extracts\AdIntel\Master_Files\Latest\DigitalAdType.tsv,NA
Digital Ad Type,AdType,\\department\Nielsen_Extracts\AdIntel\Master_Files\Latest\DigitalAdType.tsv,NA
Digital Buy Type,BuyTypeId,\\department\Nielsen_Extracts\AdIntel\Master_Files\Latest\DigitalBuyType.tsv,NA
Digital Buy Type,BuyType,\\department\Nielsen_Extracts\AdIntel\Master_Files\Latest\DigitalBuyType.tsv,NA
"Digital Creative 
(Dynamic Reference)",CreativeID,\\department\Nielsen Extracts\AdIntel\{Year}\References\DigitalCreative.tsv,NA
"Digital Creative 
(Dynamic Reference)",AdCode,\\department\Nielsen Extracts\AdIntel\{Year}\References\DigitalCreative.tsv,NA
"Digital Creative 
(Dynamic Reference)",dcLandingPageTitle,\\department\Nielsen Extracts\AdIntel\{Year}\References\DigitalCreative.tsv,NA
"Digital Creative 
(Dynamic Reference)",dcLandingPageURL,\\department\Nielsen Extracts\AdIntel\{Year}\References\DigitalCreative.tsv,NA
"Digital Creative 
(Dynamic Reference)",dcVideoDuration,\\department\Nielsen Extracts\AdIntel\{Year}\References\DigitalCreative.tsv,NA
"Digital Creative 
(Dynamic Reference)",dcAdSize,\\department\Nielsen Extracts\AdIntel\{Year}\References\DigitalCreative.tsv,NA
Digital Genre,GenreID,\\department\Nielsen_Extracts\AdIntel\Master_Files\Latest\DigitalGenre.tsv,NA
Digital Genre,GenreName,\\department\Nielsen_Extracts\AdIntel\Master_Files\Latest\DigitalGenre.tsv,NA
"Digital Proxy 
(Dynamic Reference)",ProxyID,\\department\Nielsen Extracts\AdIntel\{Year}\References\DigitalProxy.tsv,NA
"Digital Proxy 
(Dynamic Reference)",ProxyLocation,\\department\Nielsen Extracts\AdIntel\{Year}\References\DigitalProxy.tsv,NA
ImpNationalTV,MediaTypeID,\\department\Nielsen Extracts\AdIntel\{Year}\Impressions\ImpNationalTV.tsv,"Primay Key from Occurrence file is placed here to create a direct relationship. This extract is a combination of the following Media Types:
1. Network TV
2. Spanish Language Network TV
3. Cable TV
4. Spanish Language Cable TV
5. Syndicated TV"
ImpNationalTV,DataStreamID,\\department\Nielsen Extracts\AdIntel\{Year}\Impressions\ImpNationalTV.tsv,NA
ImpNationalTV,DistributorID,\\department\Nielsen Extracts\AdIntel\{Year}\Impressions\ImpNationalTV.tsv,NA
ImpNationalTV,HispanicFlag,\\department\Nielsen Extracts\AdIntel\{Year}\Impressions\ImpNationalTV.tsv,NA
ImpNationalTV,ImpressionType,\\department\Nielsen Extracts\AdIntel\{Year}\Impressions\ImpNationalTV.tsv,NA
ImpNationalTV,NielsenProgramCode,\\department\Nielsen Extracts\AdIntel\{Year}\Impressions\ImpNationalTV.tsv,NA
ImpNationalTV,TelecastNumber,\\department\Nielsen Extracts\AdIntel\{Year}\Impressions\ImpNationalTV.tsv,NA
ImpNationalTV,ImpressionDate,\\department\Nielsen Extracts\AdIntel\{Year}\Impressions\ImpNationalTV.tsv,NA
ImpNationalTV,TimeIntervalNumber,\\department\Nielsen Extracts\AdIntel\{Year}\Impressions\ImpNationalTV.tsv,NA
ImpNationalTV,TV_HH,\\department\Nielsen Extracts\AdIntel\{Year}\Impressions\ImpNationalTV.tsv,NA
ImpNationalTV,female_2_5,\\department\Nielsen Extracts\AdIntel\{Year}\Impressions\ImpNationalTV.tsv,NA
ImpNationalTV,female_6_8,\\department\Nielsen Extracts\AdIntel\{Year}\Impressions\ImpNationalTV.tsv,NA
ImpNationalTV,female_9_11,\\department\Nielsen Extracts\AdIntel\{Year}\Impressions\ImpNationalTV.tsv,NA
ImpNationalTV,female_12_14,\\department\Nielsen Extracts\AdIntel\{Year}\Impressions\ImpNationalTV.tsv,NA
ImpNationalTV,female_15_17,\\department\Nielsen Extracts\AdIntel\{Year}\Impressions\ImpNationalTV.tsv,NA
ImpNationalTV,female_18_20,\\department\Nielsen Extracts\AdIntel\{Year}\Impressions\ImpNationalTV.tsv,NA
ImpNationalTV,female_21_24,\\department\Nielsen Extracts\AdIntel\{Year}\Impressions\ImpNationalTV.tsv,NA
ImpNationalTV,female_25_29,\\department\Nielsen Extracts\AdIntel\{Year}\Impressions\ImpNationalTV.tsv,NA
ImpNationalTV,female_30_34,\\department\Nielsen Extracts\AdIntel\{Year}\Impressions\ImpNationalTV.tsv,NA
ImpNationalTV,female_35_39,\\department\Nielsen Extracts\AdIntel\{Year}\Impressions\ImpNationalTV.tsv,NA
ImpNationalTV,female_40_44,\\department\Nielsen Extracts\AdIntel\{Year}\Impressions\ImpNationalTV.tsv,NA
ImpNationalTV,female_45_49,\\department\Nielsen Extracts\AdIntel\{Year}\Impressions\ImpNationalTV.tsv,NA
ImpNationalTV,female_50_54,\\department\Nielsen Extracts\AdIntel\{Year}\Impressions\ImpNationalTV.tsv,NA
ImpNationalTV,female_55_64,\\department\Nielsen Extracts\AdIntel\{Year}\Impressions\ImpNationalTV.tsv,NA
ImpNationalTV,female_65_plus,\\department\Nielsen Extracts\AdIntel\{Year}\Impressions\ImpNationalTV.tsv,NA
ImpNationalTV,Male_2_5,\\department\Nielsen Extracts\AdIntel\{Year}\Impressions\ImpNationalTV.tsv,NA
ImpNationalTV,Male_6_8,\\department\Nielsen Extracts\AdIntel\{Year}\Impressions\ImpNationalTV.tsv,NA
ImpNationalTV,Male_9_11,\\department\Nielsen Extracts\AdIntel\{Year}\Impressions\ImpNationalTV.tsv,NA
ImpNationalTV,Male_12_14,\\department\Nielsen Extracts\AdIntel\{Year}\Impressions\ImpNationalTV.tsv,NA
ImpNationalTV,Male_15_17,\\department\Nielsen Extracts\AdIntel\{Year}\Impressions\ImpNationalTV.tsv,NA
ImpNationalTV,Male_18_20,\\department\Nielsen Extracts\AdIntel\{Year}\Impressions\ImpNationalTV.tsv,NA
ImpNationalTV,Male_21_24,\\department\Nielsen Extracts\AdIntel\{Year}\Impressions\ImpNationalTV.tsv,NA
ImpNationalTV,Male_25_29,\\department\Nielsen Extracts\AdIntel\{Year}\Impressions\ImpNationalTV.tsv,NA
ImpNationalTV,Male_30_34,\\department\Nielsen Extracts\AdIntel\{Year}\Impressions\ImpNationalTV.tsv,NA
ImpNationalTV,Male_35_39,\\department\Nielsen Extracts\AdIntel\{Year}\Impressions\ImpNationalTV.tsv,NA
ImpNationalTV,Male_40_44,\\department\Nielsen Extracts\AdIntel\{Year}\Impressions\ImpNationalTV.tsv,NA
ImpNationalTV,Male_45_49,\\department\Nielsen Extracts\AdIntel\{Year}\Impressions\ImpNationalTV.tsv,NA
ImpNationalTV,Male_50_54,\\department\Nielsen Extracts\AdIntel\{Year}\Impressions\ImpNationalTV.tsv,NA
ImpNationalTV,Male_55_64,\\department\Nielsen Extracts\AdIntel\{Year}\Impressions\ImpNationalTV.tsv,NA
ImpNationalTV,Male_65_plus,\\department\Nielsen Extracts\AdIntel\{Year}\Impressions\ImpNationalTV.tsv,NA
ImpNationalTV,ww_18_20,\\department\Nielsen Extracts\AdIntel\{Year}\Impressions\ImpNationalTV.tsv,NA
ImpNationalTV,ww_21_24,\\department\Nielsen Extracts\AdIntel\{Year}\Impressions\ImpNationalTV.tsv,NA
ImpNationalTV,ww_25_34,\\department\Nielsen Extracts\AdIntel\{Year}\Impressions\ImpNationalTV.tsv,NA
ImpNationalTV,ww_35_44,\\department\Nielsen Extracts\AdIntel\{Year}\Impressions\ImpNationalTV.tsv,NA
ImpNationalTV,ww_45_49,\\department\Nielsen Extracts\AdIntel\{Year}\Impressions\ImpNationalTV.tsv,NA
ImpNationalTV,ww_50_54,\\department\Nielsen Extracts\AdIntel\{Year}\Impressions\ImpNationalTV.tsv,NA
ImpNationalTV,ww_55_plus,\\department\Nielsen Extracts\AdIntel\{Year}\Impressions\ImpNationalTV.tsv,NA
ImpNationalTV,UC_dim_Bridge_occ_ImpNationalTV_key,\\department\Nielsen Extracts\AdIntel\{Year}\Impressions\ImpNationalTV.tsv,NA
ImpSpotTV,MediaTypeID,\\department\Nielsen Extracts\AdIntel\{Year}\Impressions\ImpSpotTV.tsv,"Primay Key from Occurrence file is placed here to create a direct relationship. This extract is a combination of the following Media Types:
1. Spot TV
2. Network Clearance Spot TV"
ImpSpotTV,DataStreamID,\\department\Nielsen Extracts\AdIntel\{Year}\Impressions\ImpSpotTV.tsv,NA
ImpSpotTV,DistributorID,\\department\Nielsen Extracts\AdIntel\{Year}\Impressions\ImpSpotTV.tsv,NA
ImpSpotTV,HispanicFlag,\\department\Nielsen Extracts\AdIntel\{Year}\Impressions\ImpSpotTV.tsv,NA
ImpSpotTV,PeriodYearMonth,\\department\Nielsen Extracts\AdIntel\{Year}\Impressions\ImpSpotTV.tsv,NA
ImpSpotTV,DayOfWeek,\\department\Nielsen Extracts\AdIntel\{Year}\Impressions\ImpSpotTV.tsv,NA
ImpSpotTV,TimeIntervalNumber,\\department\Nielsen Extracts\AdIntel\{Year}\Impressions\ImpSpotTV.tsv,NA
ImpSpotTV,ActualFlag,\\department\Nielsen Extracts\AdIntel\{Year}\Impressions\ImpSpotTV.tsv,NA
ImpSpotTV,TV_HH,\\department\Nielsen Extracts\AdIntel\{Year}\Impressions\ImpSpotTV.tsv,NA
ImpSpotTV,children_2_5,\\department\Nielsen Extracts\AdIntel\{Year}\Impressions\ImpSpotTV.tsv,NA
ImpSpotTV,children_6_11,\\department\Nielsen Extracts\AdIntel\{Year}\Impressions\ImpSpotTV.tsv,NA
ImpSpotTV,female_12_17,\\department\Nielsen Extracts\AdIntel\{Year}\Impressions\ImpSpotTV.tsv,NA
ImpSpotTV,female_18_20,\\department\Nielsen Extracts\AdIntel\{Year}\Impressions\ImpSpotTV.tsv,NA
ImpSpotTV,female_21_24,\\department\Nielsen Extracts\AdIntel\{Year}\Impressions\ImpSpotTV.tsv,NA
ImpSpotTV,female_25_34,\\department\Nielsen Extracts\AdIntel\{Year}\Impressions\ImpSpotTV.tsv,NA
ImpSpotTV,female_35_49,\\department\Nielsen Extracts\AdIntel\{Year}\Impressions\ImpSpotTV.tsv,NA
ImpSpotTV,female_50_54,\\department\Nielsen Extracts\AdIntel\{Year}\Impressions\ImpSpotTV.tsv,NA
ImpSpotTV,female_55_64,\\department\Nielsen Extracts\AdIntel\{Year}\Impressions\ImpSpotTV.tsv,NA
ImpSpotTV,female_65_plus,\\department\Nielsen Extracts\AdIntel\{Year}\Impressions\ImpSpotTV.tsv,NA
ImpSpotTV,Male_12_17,\\department\Nielsen Extracts\AdIntel\{Year}\Impressions\ImpSpotTV.tsv,NA
ImpSpotTV,Male_18_20,\\department\Nielsen Extracts\AdIntel\{Year}\Impressions\ImpSpotTV.tsv,NA
ImpSpotTV,Male_21_24,\\department\Nielsen Extracts\AdIntel\{Year}\Impressions\ImpSpotTV.tsv,NA
ImpSpotTV,Male_25_34,\\department\Nielsen Extracts\AdIntel\{Year}\Impressions\ImpSpotTV.tsv,NA
ImpSpotTV,Male_35_49,\\department\Nielsen Extracts\AdIntel\{Year}\Impressions\ImpSpotTV.tsv,NA
ImpSpotTV,Male_50_54,\\department\Nielsen Extracts\AdIntel\{Year}\Impressions\ImpSpotTV.tsv,NA
ImpSpotTV,Male_55_64,\\department\Nielsen Extracts\AdIntel\{Year}\Impressions\ImpSpotTV.tsv,NA
ImpSpotTV,Male_65_plus,\\department\Nielsen Extracts\AdIntel\{Year}\Impressions\ImpSpotTV.tsv,NA
ImpSpotTV,ww_18_plus,\\department\Nielsen Extracts\AdIntel\{Year}\Impressions\ImpSpotTV.tsv,NA
ImpSpotTV,UC_dim_Bridge_occ_ImpSpotTV_key,\\department\Nielsen Extracts\AdIntel\{Year}\Impressions\ImpSpotTV.tsv,NA
ImpSpotRadio,MediaTypeID,\\department\Nielsen Extracts\AdIntel\{Year}\Impressions\ImpSpotRadio.tsv,Primay Key from Occurrence file is placed here to create a direct relationship.
ImpSpotRadio,AdDate,\\department\Nielsen Extracts\AdIntel\{Year}\Impressions\ImpSpotRadio.tsv,NA
ImpSpotRadio,AdTime,\\department\Nielsen Extracts\AdIntel\{Year}\Impressions\ImpSpotRadio.tsv,NA
ImpSpotRadio,MarketCode,\\department\Nielsen Extracts\AdIntel\{Year}\Impressions\ImpSpotRadio.tsv,NA
ImpSpotRadio,DistributorID,\\department\Nielsen Extracts\AdIntel\{Year}\Impressions\ImpSpotRadio.tsv,NA
ImpSpotRadio,Daypart_id,\\department\Nielsen Extracts\AdIntel\{Year}\Impressions\ImpSpotRadio.tsv,NA
ImpSpotRadio,AdCode,\\department\Nielsen Extracts\AdIntel\{Year}\Impressions\ImpSpotRadio.tsv,NA
ImpSpotRadio,Female_12_17,\\department\Nielsen Extracts\AdIntel\{Year}\Impressions\ImpSpotRadio.tsv,NA
ImpSpotRadio,Female_18_20,\\department\Nielsen Extracts\AdIntel\{Year}\Impressions\ImpSpotRadio.tsv,NA
ImpSpotRadio,Female_21_24,\\department\Nielsen Extracts\AdIntel\{Year}\Impressions\ImpSpotRadio.tsv,NA
ImpSpotRadio,Female_25_34,\\department\Nielsen Extracts\AdIntel\{Year}\Impressions\ImpSpotRadio.tsv,NA
ImpSpotRadio,Female_35_49,\\department\Nielsen Extracts\AdIntel\{Year}\Impressions\ImpSpotRadio.tsv,NA
ImpSpotRadio,Female_50_54,\\department\Nielsen Extracts\AdIntel\{Year}\Impressions\ImpSpotRadio.tsv,NA
ImpSpotRadio,Female_55_64,\\department\Nielsen Extracts\AdIntel\{Year}\Impressions\ImpSpotRadio.tsv,NA
ImpSpotRadio,Female_65_plus,\\department\Nielsen Extracts\AdIntel\{Year}\Impressions\ImpSpotRadio.tsv,NA
ImpSpotRadio,Male_12_17,\\department\Nielsen Extracts\AdIntel\{Year}\Impressions\ImpSpotRadio.tsv,NA
ImpSpotRadio,Male_18_20,\\department\Nielsen Extracts\AdIntel\{Year}\Impressions\ImpSpotRadio.tsv,NA
ImpSpotRadio,Male_21_24,\\department\Nielsen Extracts\AdIntel\{Year}\Impressions\ImpSpotRadio.tsv,NA
ImpSpotRadio,Male_25_34,\\department\Nielsen Extracts\AdIntel\{Year}\Impressions\ImpSpotRadio.tsv,NA
ImpSpotRadio,Male_35_49,\\department\Nielsen Extracts\AdIntel\{Year}\Impressions\ImpSpotRadio.tsv,NA
ImpSpotRadio,Male_50_54,\\department\Nielsen Extracts\AdIntel\{Year}\Impressions\ImpSpotRadio.tsv,NA
ImpSpotRadio,Male_55_64,\\department\Nielsen Extracts\AdIntel\{Year}\Impressions\ImpSpotRadio.tsv,NA
ImpSpotRadio,Male_65_plus,\\department\Nielsen Extracts\AdIntel\{Year}\Impressions\ImpSpotRadio.tsv,NA
ImpSpotRadio,UC_dim_Bridge_occ_ImpSpotRadio_key,\\department\Nielsen Extracts\AdIntel\{Year}\Impressions\ImpSpotRadio.tsv,NA
UENationalTV,HispanicFlag,\\department\Nielsen Extracts\AdIntel\{Year}\Universe_Estimates\UENationalTV.tsv,NA
UENationalTV,StartDate,\\department\Nielsen Extracts\AdIntel\{Year}\Universe_Estimates\UENationalTV.tsv,NA
UENationalTV,EndDate,\\department\Nielsen Extracts\AdIntel\{Year}\Universe_Estimates\UENationalTV.tsv,NA
UENationalTV,TV_HH,\\department\Nielsen Extracts\AdIntel\{Year}\Universe_Estimates\UENationalTV.tsv,NA
UENationalTV,female_2_5,\\department\Nielsen Extracts\AdIntel\{Year}\Universe_Estimates\UENationalTV.tsv,NA
UENationalTV,female_6_8,\\department\Nielsen Extracts\AdIntel\{Year}\Universe_Estimates\UENationalTV.tsv,NA
UENationalTV,female_9_11,\\department\Nielsen Extracts\AdIntel\{Year}\Universe_Estimates\UENationalTV.tsv,NA
UENationalTV,female_12_14,\\department\Nielsen Extracts\AdIntel\{Year}\Universe_Estimates\UENationalTV.tsv,NA
UENationalTV,female_15_17,\\department\Nielsen Extracts\AdIntel\{Year}\Universe_Estimates\UENationalTV.tsv,NA
UENationalTV,female_18_20,\\department\Nielsen Extracts\AdIntel\{Year}\Universe_Estimates\UENationalTV.tsv,NA
UENationalTV,female_21_24,\\department\Nielsen Extracts\AdIntel\{Year}\Universe_Estimates\UENationalTV.tsv,NA
UENationalTV,female_25_29,\\department\Nielsen Extracts\AdIntel\{Year}\Universe_Estimates\UENationalTV.tsv,NA
UENationalTV,female_30_34,\\department\Nielsen Extracts\AdIntel\{Year}\Universe_Estimates\UENationalTV.tsv,NA
UENationalTV,female_35_39,\\department\Nielsen Extracts\AdIntel\{Year}\Universe_Estimates\UENationalTV.tsv,NA
UENationalTV,female_40_44,\\department\Nielsen Extracts\AdIntel\{Year}\Universe_Estimates\UENationalTV.tsv,NA
UENationalTV,female_45_49,\\department\Nielsen Extracts\AdIntel\{Year}\Universe_Estimates\UENationalTV.tsv,NA
UENationalTV,female_50_54,\\department\Nielsen Extracts\AdIntel\{Year}\Universe_Estimates\UENationalTV.tsv,NA
UENationalTV,female_55_64,\\department\Nielsen Extracts\AdIntel\{Year}\Universe_Estimates\UENationalTV.tsv,NA
UENationalTV,female_65_plus,\\department\Nielsen Extracts\AdIntel\{Year}\Universe_Estimates\UENationalTV.tsv,NA
UENationalTV,Male_2_5,\\department\Nielsen Extracts\AdIntel\{Year}\Universe_Estimates\UENationalTV.tsv,NA
UENationalTV,Male_6_8,\\department\Nielsen Extracts\AdIntel\{Year}\Universe_Estimates\UENationalTV.tsv,NA
UENationalTV,Male_9_11,\\department\Nielsen Extracts\AdIntel\{Year}\Universe_Estimates\UENationalTV.tsv,NA
UENationalTV,Male_12_14,\\department\Nielsen Extracts\AdIntel\{Year}\Universe_Estimates\UENationalTV.tsv,NA
UENationalTV,Male_15_17,\\department\Nielsen Extracts\AdIntel\{Year}\Universe_Estimates\UENationalTV.tsv,NA
UENationalTV,Male_18_20,\\department\Nielsen Extracts\AdIntel\{Year}\Universe_Estimates\UENationalTV.tsv,NA
UENationalTV,Male_21_24,\\department\Nielsen Extracts\AdIntel\{Year}\Universe_Estimates\UENationalTV.tsv,NA
UENationalTV,Male_25_29,\\department\Nielsen Extracts\AdIntel\{Year}\Universe_Estimates\UENationalTV.tsv,NA
UENationalTV,Male_30_34,\\department\Nielsen Extracts\AdIntel\{Year}\Universe_Estimates\UENationalTV.tsv,NA
UENationalTV,Male_35_39,\\department\Nielsen Extracts\AdIntel\{Year}\Universe_Estimates\UENationalTV.tsv,NA
UENationalTV,Male_40_44,\\department\Nielsen Extracts\AdIntel\{Year}\Universe_Estimates\UENationalTV.tsv,NA
UENationalTV,Male_45_49,\\department\Nielsen Extracts\AdIntel\{Year}\Universe_Estimates\UENationalTV.tsv,NA
UENationalTV,Male_50_54,\\department\Nielsen Extracts\AdIntel\{Year}\Universe_Estimates\UENationalTV.tsv,NA
UENationalTV,Male_55_64,\\department\Nielsen Extracts\AdIntel\{Year}\Universe_Estimates\UENationalTV.tsv,NA
UENationalTV,Male_65_plus,\\department\Nielsen Extracts\AdIntel\{Year}\Universe_Estimates\UENationalTV.tsv,NA
UENationalTV,ww_18_20,\\department\Nielsen Extracts\AdIntel\{Year}\Universe_Estimates\UENationalTV.tsv,NA
UENationalTV,ww_21_24,\\department\Nielsen Extracts\AdIntel\{Year}\Universe_Estimates\UENationalTV.tsv,NA
UENationalTV,ww_25_34,\\department\Nielsen Extracts\AdIntel\{Year}\Universe_Estimates\UENationalTV.tsv,NA
UENationalTV,ww_35_44,\\department\Nielsen Extracts\AdIntel\{Year}\Universe_Estimates\UENationalTV.tsv,NA
UENationalTV,ww_45_49,\\department\Nielsen Extracts\AdIntel\{Year}\Universe_Estimates\UENationalTV.tsv,NA
UENationalTV,ww_50_54,\\department\Nielsen Extracts\AdIntel\{Year}\Universe_Estimates\UENationalTV.tsv,NA
UENationalTV,ww_55_plus,\\department\Nielsen Extracts\AdIntel\{Year}\Universe_Estimates\UENationalTV.tsv,NA
UESpotTV,HispanicFlag,\\department\Nielsen Extracts\AdIntel\{Year}\Universe_Estimates\UESpotTV.tsv,NA
UESpotTV,MarketCode,\\department\Nielsen Extracts\AdIntel\{Year}\Universe_Estimates\UESpotTV.tsv,NA
UESpotTV,StartDate,\\department\Nielsen Extracts\AdIntel\{Year}\Universe_Estimates\UESpotTV.tsv,NA
UESpotTV,EndDate,\\department\Nielsen Extracts\AdIntel\{Year}\Universe_Estimates\UESpotTV.tsv,NA
UESpotTV,TV_HH,\\department\Nielsen Extracts\AdIntel\{Year}\Universe_Estimates\UESpotTV.tsv,NA
UESpotTV,children_2_5,\\department\Nielsen Extracts\AdIntel\{Year}\Universe_Estimates\UESpotTV.tsv,NA
UESpotTV,children_6_11,\\department\Nielsen Extracts\AdIntel\{Year}\Universe_Estimates\UESpotTV.tsv,NA
UESpotTV,female_12_17,\\department\Nielsen Extracts\AdIntel\{Year}\Universe_Estimates\UESpotTV.tsv,NA
UESpotTV,female_18_20,\\department\Nielsen Extracts\AdIntel\{Year}\Universe_Estimates\UESpotTV.tsv,NA
UESpotTV,female_21_24,\\department\Nielsen Extracts\AdIntel\{Year}\Universe_Estimates\UESpotTV.tsv,NA
UESpotTV,female_25_34,\\department\Nielsen Extracts\AdIntel\{Year}\Universe_Estimates\UESpotTV.tsv,NA
UESpotTV,female_35_49,\\department\Nielsen Extracts\AdIntel\{Year}\Universe_Estimates\UESpotTV.tsv,NA
UESpotTV,female_50_54,\\department\Nielsen Extracts\AdIntel\{Year}\Universe_Estimates\UESpotTV.tsv,NA
UESpotTV,female_55_64,\\department\Nielsen Extracts\AdIntel\{Year}\Universe_Estimates\UESpotTV.tsv,NA
UESpotTV,female_65_plus,\\department\Nielsen Extracts\AdIntel\{Year}\Universe_Estimates\UESpotTV.tsv,NA
UESpotTV,Male_12_17,\\department\Nielsen Extracts\AdIntel\{Year}\Universe_Estimates\UESpotTV.tsv,NA
UESpotTV,Male_18_20,\\department\Nielsen Extracts\AdIntel\{Year}\Universe_Estimates\UESpotTV.tsv,NA
UESpotTV,Male_21_24,\\department\Nielsen Extracts\AdIntel\{Year}\Universe_Estimates\UESpotTV.tsv,NA
UESpotTV,Male_25_34,\\department\Nielsen Extracts\AdIntel\{Year}\Universe_Estimates\UESpotTV.tsv,NA
UESpotTV,Male_35_49,\\department\Nielsen Extracts\AdIntel\{Year}\Universe_Estimates\UESpotTV.tsv,NA
UESpotTV,Male_50_54,\\department\Nielsen Extracts\AdIntel\{Year}\Universe_Estimates\UESpotTV.tsv,NA
UESpotTV,Male_55_64,\\department\Nielsen Extracts\AdIntel\{Year}\Universe_Estimates\UESpotTV.tsv,NA
UESpotTV,Male_65_plus,\\department\Nielsen Extracts\AdIntel\{Year}\Universe_Estimates\UESpotTV.tsv,NA
UESpotTV,ww_18_plus,\\department\Nielsen Extracts\AdIntel\{Year}\Universe_Estimates\UESpotTV.tsv,NA
UESpotRadio,PeriodYearQtr,\\department\Nielsen Extracts\AdIntel\{Year}\Universe_Estimates\UESpotRadio.tsv,NA
UESpotRadio,StartDate,\\department\Nielsen Extracts\AdIntel\{Year}\Universe_Estimates\UESpotRadio.tsv,NA
UESpotRadio,EndDate,\\department\Nielsen Extracts\AdIntel\{Year}\Universe_Estimates\UESpotRadio.tsv,NA
UESpotRadio,MarketCode,\\department\Nielsen Extracts\AdIntel\{Year}\Universe_Estimates\UESpotRadio.tsv,NA
UESpotRadio,Female_12_17,\\department\Nielsen Extracts\AdIntel\{Year}\Universe_Estimates\UESpotRadio.tsv,NA
UESpotRadio,Female_18_20,\\department\Nielsen Extracts\AdIntel\{Year}\Universe_Estimates\UESpotRadio.tsv,NA
UESpotRadio,Female_21_24,\\department\Nielsen Extracts\AdIntel\{Year}\Universe_Estimates\UESpotRadio.tsv,NA
UESpotRadio,Female_25_34,\\department\Nielsen Extracts\AdIntel\{Year}\Universe_Estimates\UESpotRadio.tsv,NA
UESpotRadio,Female_35_49,\\department\Nielsen Extracts\AdIntel\{Year}\Universe_Estimates\UESpotRadio.tsv,NA
UESpotRadio,Female_50_54,\\department\Nielsen Extracts\AdIntel\{Year}\Universe_Estimates\UESpotRadio.tsv,NA
UESpotRadio,Female_55_64,\\department\Nielsen Extracts\AdIntel\{Year}\Universe_Estimates\UESpotRadio.tsv,NA
UESpotRadio,Female_65_plus,\\department\Nielsen Extracts\AdIntel\{Year}\Universe_Estimates\UESpotRadio.tsv,NA
UESpotRadio,Male_12_17,\\department\Nielsen Extracts\AdIntel\{Year}\Universe_Estimates\UESpotRadio.tsv,NA
UESpotRadio,Male_18_20,\\department\Nielsen Extracts\AdIntel\{Year}\Universe_Estimates\UESpotRadio.tsv,NA
UESpotRadio,Male_21_24,\\department\Nielsen Extracts\AdIntel\{Year}\Universe_Estimates\UESpotRadio.tsv,NA
UESpotRadio,Male_25_34,\\department\Nielsen Extracts\AdIntel\{Year}\Universe_Estimates\UESpotRadio.tsv,NA
UESpotRadio,Male_35_49,\\department\Nielsen Extracts\AdIntel\{Year}\Universe_Estimates\UESpotRadio.tsv,NA
UESpotRadio,Male_50_54,\\department\Nielsen Extracts\AdIntel\{Year}\Universe_Estimates\UESpotRadio.tsv,NA
UESpotRadio,Male_55_64,\\department\Nielsen Extracts\AdIntel\{Year}\Universe_Estimates\UESpotRadio.tsv,NA
UESpotRadio,Male_65_plus,\\department\Nielsen Extracts\AdIntel\{Year}\Universe_Estimates\UESpotRadio.tsv,NA
IMPMarketBreaks,MediaTypeID,\\department\Nielsen Extracts\AdIntel\{Year}\Market_Breaks\IMPMarketBreaks.tsv,NA
IMPMarketBreaks,NielsenProgramCode,\\department\Nielsen Extracts\AdIntel\{Year}\Market_Breaks\IMPMarketBreaks.tsv,NA
IMPMarketBreaks,TelecastNumber,\\department\Nielsen Extracts\AdIntel\{Year}\Market_Breaks\IMPMarketBreaks.tsv,NA
IMPMarketBreaks,MarketBreaksType,\\department\Nielsen Extracts\AdIntel\{Year}\Market_Breaks\IMPMarketBreaks.tsv,NA
IMPMarketBreaks,MarketBreaksCode,\\department\Nielsen Extracts\AdIntel\{Year}\Market_Breaks\IMPMarketBreaks.tsv,NA
IMPMarketBreaks,TimeIntervalNumber,\\department\Nielsen Extracts\AdIntel\{Year}\Market_Breaks\IMPMarketBreaks.tsv,NA
IMPMarketBreaks,PeriodYearMonth,\\department\Nielsen Extracts\AdIntel\{Year}\Market_Breaks\IMPMarketBreaks.tsv,NA
IMPMarketBreaks,DayOfWeek,\\department\Nielsen Extracts\AdIntel\{Year}\Market_Breaks\IMPMarketBreaks.tsv,NA
IMPMarketBreaks,DistributorID,\\department\Nielsen Extracts\AdIntel\{Year}\Market_Breaks\IMPMarketBreaks.tsv,NA
IMPMarketBreaks,ImpressionStart,\\department\Nielsen Extracts\AdIntel\{Year}\Market_Breaks\IMPMarketBreaks.tsv,NA
IMPMarketBreaks,ImpressionEnd,\\department\Nielsen Extracts\AdIntel\{Year}\Market_Breaks\IMPMarketBreaks.tsv,NA
IMPMarketBreaks,TV_HH,\\department\Nielsen Extracts\AdIntel\{Year}\Market_Breaks\IMPMarketBreaks.tsv,NA
IMPMarketBreaks,female_2_5,\\department\Nielsen Extracts\AdIntel\{Year}\Market_Breaks\IMPMarketBreaks.tsv,NA
IMPMarketBreaks,female_6_11,\\department\Nielsen Extracts\AdIntel\{Year}\Market_Breaks\IMPMarketBreaks.tsv,NA
IMPMarketBreaks,female_12_17,\\department\Nielsen Extracts\AdIntel\{Year}\Market_Breaks\IMPMarketBreaks.tsv,NA
IMPMarketBreaks,female_18_20,\\department\Nielsen Extracts\AdIntel\{Year}\Market_Breaks\IMPMarketBreaks.tsv,NA
IMPMarketBreaks,female_21_24,\\department\Nielsen Extracts\AdIntel\{Year}\Market_Breaks\IMPMarketBreaks.tsv,NA
IMPMarketBreaks,female_25_29,\\department\Nielsen Extracts\AdIntel\{Year}\Market_Breaks\IMPMarketBreaks.tsv,NA
IMPMarketBreaks,female_30_34,\\department\Nielsen Extracts\AdIntel\{Year}\Market_Breaks\IMPMarketBreaks.tsv,NA
IMPMarketBreaks,female_35_39,\\department\Nielsen Extracts\AdIntel\{Year}\Market_Breaks\IMPMarketBreaks.tsv,NA
IMPMarketBreaks,female_40_44,\\department\Nielsen Extracts\AdIntel\{Year}\Market_Breaks\IMPMarketBreaks.tsv,NA
IMPMarketBreaks,female_45_49,\\department\Nielsen Extracts\AdIntel\{Year}\Market_Breaks\IMPMarketBreaks.tsv,NA
IMPMarketBreaks,female_50_54,\\department\Nielsen Extracts\AdIntel\{Year}\Market_Breaks\IMPMarketBreaks.tsv,NA
IMPMarketBreaks,female_55_64,\\department\Nielsen Extracts\AdIntel\{Year}\Market_Breaks\IMPMarketBreaks.tsv,NA
IMPMarketBreaks,female_65_plus,\\department\Nielsen Extracts\AdIntel\{Year}\Market_Breaks\IMPMarketBreaks.tsv,NA
IMPMarketBreaks,male_2_5,\\department\Nielsen Extracts\AdIntel\{Year}\Market_Breaks\IMPMarketBreaks.tsv,NA
IMPMarketBreaks,male_6_11,\\department\Nielsen Extracts\AdIntel\{Year}\Market_Breaks\IMPMarketBreaks.tsv,NA
IMPMarketBreaks,male_12_17,\\department\Nielsen Extracts\AdIntel\{Year}\Market_Breaks\IMPMarketBreaks.tsv,NA
IMPMarketBreaks,male_18_20,\\department\Nielsen Extracts\AdIntel\{Year}\Market_Breaks\IMPMarketBreaks.tsv,NA
IMPMarketBreaks,male_21_24,\\department\Nielsen Extracts\AdIntel\{Year}\Market_Breaks\IMPMarketBreaks.tsv,NA
IMPMarketBreaks,male_25_29,\\department\Nielsen Extracts\AdIntel\{Year}\Market_Breaks\IMPMarketBreaks.tsv,NA
IMPMarketBreaks,male_30_34,\\department\Nielsen Extracts\AdIntel\{Year}\Market_Breaks\IMPMarketBreaks.tsv,NA
IMPMarketBreaks,male_35_39,\\department\Nielsen Extracts\AdIntel\{Year}\Market_Breaks\IMPMarketBreaks.tsv,NA
IMPMarketBreaks,male_40_44,\\department\Nielsen Extracts\AdIntel\{Year}\Market_Breaks\IMPMarketBreaks.tsv,NA
IMPMarketBreaks,male_45_49,\\department\Nielsen Extracts\AdIntel\{Year}\Market_Breaks\IMPMarketBreaks.tsv,NA
IMPMarketBreaks,male_50_54,\\department\Nielsen Extracts\AdIntel\{Year}\Market_Breaks\IMPMarketBreaks.tsv,NA
IMPMarketBreaks,male_55_64,\\department\Nielsen Extracts\AdIntel\{Year}\Market_Breaks\IMPMarketBreaks.tsv,NA
IMPMarketBreaks,male_65_plus,\\department\Nielsen Extracts\AdIntel\{Year}\Market_Breaks\IMPMarketBreaks.tsv,NA
IMPMarketBreaks,ww_18_49,\\department\Nielsen Extracts\AdIntel\{Year}\Market_Breaks\IMPMarketBreaks.tsv,NA
IMPMarketBreaks,ww_50_plus,\\department\Nielsen Extracts\AdIntel\{Year}\Market_Breaks\IMPMarketBreaks.tsv,NA
IMPMarketBreaks,lady_of_house_18_49,\\department\Nielsen Extracts\AdIntel\{Year}\Market_Breaks\IMPMarketBreaks.tsv,NA
IMPMarketBreaks,lady_of_house_50_plus,\\department\Nielsen Extracts\AdIntel\{Year}\Market_Breaks\IMPMarketBreaks.tsv,NA
IMPMarketBreaks,NA,\\department\Nielsen Extracts\AdIntel\{Year}\Market_Breaks\IMPMarketBreaks.tsv,NA
UEMarketBreak,MarketBreaksCode,\\department\Nielsen Extracts\AdIntel\{Year}\Universe_Estimates\UEMarketBreak.tsv,NA
UEMarketBreak,StartDate,\\department\Nielsen Extracts\AdIntel\{Year}\Universe_Estimates\UEMarketBreak.tsv,NA
UEMarketBreak,EndDate,\\department\Nielsen Extracts\AdIntel\{Year}\Universe_Estimates\UEMarketBreak.tsv,NA
UEMarketBreak,TV_HH,\\department\Nielsen Extracts\AdIntel\{Year}\Universe_Estimates\UEMarketBreak.tsv,NA
UEMarketBreak,female_2_5,\\department\Nielsen Extracts\AdIntel\{Year}\Universe_Estimates\UEMarketBreak.tsv,NA
UEMarketBreak,female_6_11,\\department\Nielsen Extracts\AdIntel\{Year}\Universe_Estimates\UEMarketBreak.tsv,NA
UEMarketBreak,female_12_17,\\department\Nielsen Extracts\AdIntel\{Year}\Universe_Estimates\UEMarketBreak.tsv,NA
UEMarketBreak,female_18_20,\\department\Nielsen Extracts\AdIntel\{Year}\Universe_Estimates\UEMarketBreak.tsv,NA
UEMarketBreak,female_21_24,\\department\Nielsen Extracts\AdIntel\{Year}\Universe_Estimates\UEMarketBreak.tsv,NA
UEMarketBreak,female_25_29,\\department\Nielsen Extracts\AdIntel\{Year}\Universe_Estimates\UEMarketBreak.tsv,NA
UEMarketBreak,female_30_34,\\department\Nielsen Extracts\AdIntel\{Year}\Universe_Estimates\UEMarketBreak.tsv,NA
UEMarketBreak,female_35_39,\\department\Nielsen Extracts\AdIntel\{Year}\Universe_Estimates\UEMarketBreak.tsv,NA
UEMarketBreak,female_40_44,\\department\Nielsen Extracts\AdIntel\{Year}\Universe_Estimates\UEMarketBreak.tsv,NA
UEMarketBreak,female_45_49,\\department\Nielsen Extracts\AdIntel\{Year}\Universe_Estimates\UEMarketBreak.tsv,NA
UEMarketBreak,female_50_54,\\department\Nielsen Extracts\AdIntel\{Year}\Universe_Estimates\UEMarketBreak.tsv,NA
UEMarketBreak,female_55_64,\\department\Nielsen Extracts\AdIntel\{Year}\Universe_Estimates\UEMarketBreak.tsv,NA
UEMarketBreak,female_65_plus,\\department\Nielsen Extracts\AdIntel\{Year}\Universe_Estimates\UEMarketBreak.tsv,NA
UEMarketBreak,male_2_5,\\department\Nielsen Extracts\AdIntel\{Year}\Universe_Estimates\UEMarketBreak.tsv,NA
UEMarketBreak,male_6_11,\\department\Nielsen Extracts\AdIntel\{Year}\Universe_Estimates\UEMarketBreak.tsv,NA
UEMarketBreak,male_12_17,\\department\Nielsen Extracts\AdIntel\{Year}\Universe_Estimates\UEMarketBreak.tsv,NA
UEMarketBreak,male_18_20,\\department\Nielsen Extracts\AdIntel\{Year}\Universe_Estimates\UEMarketBreak.tsv,NA
UEMarketBreak,male_21_24,\\department\Nielsen Extracts\AdIntel\{Year}\Universe_Estimates\UEMarketBreak.tsv,NA
UEMarketBreak,male_25_29,\\department\Nielsen Extracts\AdIntel\{Year}\Universe_Estimates\UEMarketBreak.tsv,NA
UEMarketBreak,male_30_34,\\department\Nielsen Extracts\AdIntel\{Year}\Universe_Estimates\UEMarketBreak.tsv,NA
UEMarketBreak,male_35_39,\\department\Nielsen Extracts\AdIntel\{Year}\Universe_Estimates\UEMarketBreak.tsv,NA
UEMarketBreak,male_40_44,\\department\Nielsen Extracts\AdIntel\{Year}\Universe_Estimates\UEMarketBreak.tsv,NA
UEMarketBreak,male_45_49,\\department\Nielsen Extracts\AdIntel\{Year}\Universe_Estimates\UEMarketBreak.tsv,NA
UEMarketBreak,male_50_54,\\department\Nielsen Extracts\AdIntel\{Year}\Universe_Estimates\UEMarketBreak.tsv,NA
UEMarketBreak,male_55_64,\\department\Nielsen Extracts\AdIntel\{Year}\Universe_Estimates\UEMarketBreak.tsv,NA
UEMarketBreak,male_65_plus,\\department\Nielsen Extracts\AdIntel\{Year}\Universe_Estimates\UEMarketBreak.tsv,NA
UEMarketBreak,ww_18_49,\\department\Nielsen Extracts\AdIntel\{Year}\Universe_Estimates\UEMarketBreak.tsv,NA
UEMarketBreak,ww_50_plus,\\department\Nielsen Extracts\AdIntel\{Year}\Universe_Estimates\UEMarketBreak.tsv,NA
UEMarketBreak,lady_of_house_18_49,\\department\Nielsen Extracts\AdIntel\{Year}\Universe_Estimates\UEMarketBreak.tsv,NA
UEMarketBreak,lady_of_house_50_plus,\\department\Nielsen Extracts\AdIntel\{Year}\Universe_Estimates\UEMarketBreak.tsv,NA
